{"cameraMode":{"drawMode":0,"name":"Shaded","section":"Shading Mode"},"sceneLighting":false,"audioPlay":false,"sceneViewState":{"showFog":true,"showMaterialUpdate":false,"showSkybox":false,"showFlares":true,"showImageEffects":true,"showParticleSystems":true},"in2DMode":false,"pivot":{"x":0.0010266005992889405,"y":0.8264449834823608,"z":0.001766979694366455},"rotation":{"x":-0.08096281439065933,"y":0.20394070446491242,"z":-0.016943546012043954,"w":-0.975493311882019},"size":0.9403986930847168,"orthographic":false}