{"cameraMode":{"drawMode":0,"name":"Shaded","section":"Shading Mode"},"sceneLighting":false,"audioPlay":false,"sceneViewState":{"showFog":true,"showMaterialUpdate":false,"showSkybox":false,"showFlares":true,"showImageEffects":true,"showParticleSystems":true},"in2DMode":false,"pivot":{"x":5.960464477539063e-8,"y":2.0769208575188714e-10,"z":3.725290298461914e-9},"rotation":{"x":-0.38424500823020937,"y":0.1599358320236206,"z":-0.06782076507806778,"w":-0.906795084476471},"size":0.03496716544032097,"orthographic":false}