{"cameraMode":{"drawMode":0,"name":"Shaded","section":"Shading Mode"},"sceneLighting":false,"audioPlay":false,"sceneViewState":{"showFog":true,"showMaterialUpdate":false,"showSkybox":false,"showFlares":true,"showImageEffects":true,"showParticleSystems":true},"in2DMode":false,"pivot":{"x":-0.039208631962537768,"y":0.05301494896411896,"z":-0.5547875761985779},"rotation":{"x":0.017687996849417688,"y":0.014096571132540703,"z":0.0002168247156077996,"w":-0.9997879862785339},"size":0.03412783145904541,"orthographic":false}