{"cameraMode":{"drawMode":0,"name":"Shaded","section":"Shading Mode"},"sceneLighting":true,"audioPlay":false,"sceneViewState":{"showFog":true,"showMaterialUpdate":false,"showSkybox":true,"showFlares":true,"showImageEffects":true,"showParticleSystems":true},"in2DMode":false,"pivot":{"x":16.70172119140625,"y":-6.50960636138916,"z":10.72718620300293},"rotation":{"x":0.1650201976299286,"y":0.46016913652420046,"z":-0.08740276098251343,"w":0.8681416511535645},"size":10.750162124633789,"orthographic":false}