{"cameraMode":{"drawMode":0,"name":"Shaded","section":"Shading Mode"},"sceneLighting":false,"audioPlay":false,"sceneViewState":{"showFog":true,"showMaterialUpdate":false,"showSkybox":false,"showFlares":true,"showImageEffects":true,"showParticleSystems":true},"in2DMode":false,"pivot":{"x":-0.0012067854404449463,"y":-0.0031969835981726648,"z":-0.002401065081357956},"rotation":{"x":-0.18192361295223237,"y":0.13872098922729493,"z":-0.02597825974225998,"w":-0.9731808304786682},"size":0.013429634273052216,"orthographic":false}