{"cameraMode":{"drawMode":0,"name":"Shaded","section":"Shading Mode"},"sceneLighting":false,"audioPlay":false,"sceneViewState":{"showFog":true,"showMaterialUpdate":false,"showSkybox":false,"showFlares":true,"showImageEffects":true,"showParticleSystems":true},"in2DMode":false,"pivot":{"x":-0.003324545919895172,"y":0.2646217346191406,"z":-0.035349488258361819},"rotation":{"x":-0.04144635424017906,"y":0.8876615762710571,"z":-0.08179505914449692,"w":-0.45158734917640688},"size":1.2871679067611695,"orthographic":false}