{"cameraMode":{"drawMode":0,"name":"Shaded","section":"Shading Mode"},"sceneLighting":false,"audioPlay":false,"sceneViewState":{"showFog":true,"showMaterialUpdate":false,"showSkybox":false,"showFlares":true,"showImageEffects":true,"showParticleSystems":true},"in2DMode":false,"pivot":{"x":0.047602247446775439,"y":0.1883169561624527,"z":-0.10084450989961624},"rotation":{"x":-0.38424500823020937,"y":0.1599358320236206,"z":-0.06782076507806778,"w":-0.906795084476471},"size":0.045355550944805148,"orthographic":false}