{"cameraMode":{"drawMode":0,"name":"Shaded","section":"Shading Mode"},"sceneLighting":false,"audioPlay":false,"sceneViewState":{"showFog":true,"showMaterialUpdate":false,"showSkybox":false,"showFlares":true,"showImageEffects":true,"showParticleSystems":true},"in2DMode":false,"pivot":{"x":0.0,"y":0.005833469331264496,"z":-9.313225746154786e-10},"rotation":{"x":-0.5379738211631775,"y":-0.04247467219829559,"z":0.027098186314105989,"w":-0.8415101170539856},"size":0.01790587417781353,"orthographic":false}