{"cameraMode":{"drawMode":0,"name":"Shaded","section":"Shading Mode"},"sceneLighting":false,"audioPlay":false,"sceneViewState":{"showFog":true,"showMaterialUpdate":false,"showSkybox":false,"showFlares":true,"showImageEffects":true,"showParticleSystems":true},"in2DMode":false,"pivot":{"x":-0.0000149458646774292,"y":0.002006072551012039,"z":0.000659434124827385},"rotation":{"x":-0.38424500823020937,"y":0.1599358320236206,"z":-0.06782076507806778,"w":-0.906795084476471},"size":0.029002489522099496,"orthographic":false}