{"cameraMode":{"drawMode":0,"name":"Shaded","section":"Shading Mode"},"sceneLighting":true,"audioPlay":false,"sceneViewState":{"showFog":true,"showMaterialUpdate":false,"showSkybox":true,"showFlares":true,"showImageEffects":true,"showParticleSystems":true},"in2DMode":false,"pivot":{"x":-1.6782546043395997,"y":0.7817167043685913,"z":1.0423905849456788},"rotation":{"x":-0.17042669653892518,"y":0.1320372223854065,"z":-0.022976255044341089,"w":-0.9763101935386658},"size":1.240398645401001,"orthographic":false}