{"cameraMode":{"drawMode":0,"name":"Shaded","section":"Shading Mode"},"sceneLighting":false,"audioPlay":false,"sceneViewState":{"showFog":true,"showMaterialUpdate":false,"showSkybox":false,"showFlares":true,"showImageEffects":true,"showParticleSystems":true},"in2DMode":false,"pivot":{"x":-0.0692904144525528,"y":0.798128068447113,"z":-0.5030676126480103},"rotation":{"x":-0.1356150209903717,"y":-0.10589593648910523,"z":0.01457681693136692,"w":-0.985063910484314},"size":0.019399361684918405,"orthographic":false}