{"cameraMode":{"drawMode":0,"name":"Shaded","section":"Shading Mode"},"sceneLighting":false,"audioPlay":false,"sceneViewState":{"showFog":true,"showMaterialUpdate":false,"showSkybox":false,"showFlares":true,"showImageEffects":true,"showParticleSystems":true},"in2DMode":false,"pivot":{"x":2.6328248977661135,"y":0.800536036491394,"z":0.366324245929718},"rotation":{"x":-0.04159724339842796,"y":0.9380846619606018,"z":-0.12049935013055802,"w":-0.32241958379745486},"size":0.14654916524887086,"orthographic":false}