{"cameraMode":{"drawMode":0,"name":"Shaded","section":"Shading Mode"},"sceneLighting":false,"audioPlay":false,"sceneViewState":{"showFog":true,"showMaterialUpdate":false,"showSkybox":false,"showFlares":true,"showImageEffects":true,"showParticleSystems":true},"in2DMode":false,"pivot":{"x":-0.00010686367750167847,"y":0.0020650597289204599,"z":0.0023582205176353456},"rotation":{"x":-0.38424500823020937,"y":0.1599358320236206,"z":-0.06782076507806778,"w":-0.906795084476471},"size":0.0380147360265255,"orthographic":false}