{"cameraMode":{"drawMode":0,"name":"Shaded","section":"Shading Mode"},"sceneLighting":false,"audioPlay":false,"sceneViewState":{"showFog":true,"showMaterialUpdate":false,"showSkybox":false,"showFlares":true,"showImageEffects":true,"showParticleSystems":true},"in2DMode":false,"pivot":{"x":-0.017606642097234727,"y":0.023616235703229905,"z":-0.042495280504226688},"rotation":{"x":-0.1876063346862793,"y":-0.0774223580956459,"z":0.014798322692513466,"w":-0.9791145920753479},"size":0.05008808895945549,"orthographic":false}