{"cameraMode":{"drawMode":0,"name":"Shaded","section":"Shading Mode"},"sceneLighting":false,"audioPlay":false,"sceneViewState":{"showFog":true,"showMaterialUpdate":false,"showSkybox":false,"showFlares":true,"showImageEffects":true,"showParticleSystems":true},"in2DMode":false,"pivot":{"x":0.00009524542838335037,"y":0.005303959362208843,"z":-0.0026662498712539675},"rotation":{"x":-0.4418620467185974,"y":-0.07334883511066437,"z":0.03624195605516434,"w":-0.8933836221694946},"size":0.049638234078884128,"orthographic":false}