{"cameraMode":{"drawMode":0,"name":"Shaded","section":"Shading Mode"},"sceneLighting":false,"audioPlay":false,"sceneViewState":{"showFog":true,"showMaterialUpdate":false,"showSkybox":false,"showFlares":true,"showImageEffects":true,"showParticleSystems":true},"in2DMode":false,"pivot":{"x":-0.00012806430459022522,"y":0.0019470859551802278,"z":0.0014935322105884553},"rotation":{"x":-0.38424500823020937,"y":0.1599358320236206,"z":-0.06782076507806778,"w":-0.906795084476471},"size":0.036465857177972797,"orthographic":false}