{"cameraMode":{"drawMode":0,"name":"Shaded","section":"Shading Mode"},"sceneLighting":false,"audioPlay":false,"sceneViewState":{"showFog":true,"showMaterialUpdate":false,"showSkybox":false,"showFlares":true,"showImageEffects":true,"showParticleSystems":true},"in2DMode":false,"pivot":{"x":0.009203538298606873,"y":-0.17900656163692475,"z":0.3644365072250366},"rotation":{"x":-0.04144635424017906,"y":0.8876615762710571,"z":-0.08179505914449692,"w":-0.45158734917640688},"size":1.2880232334136963,"orthographic":false}