{"cameraMode":{"drawMode":0,"name":"Shaded","section":"Shading Mode"},"sceneLighting":false,"audioPlay":false,"sceneViewState":{"showFog":true,"showMaterialUpdate":false,"showSkybox":false,"showFlares":true,"showImageEffects":true,"showParticleSystems":true},"in2DMode":false,"pivot":{"x":4.470348358154297e-8,"y":0.005693678744137287,"z":-8.381903171539307e-9},"rotation":{"x":0.08926945179700852,"y":-0.08148229867219925,"z":-0.007346434518694878,"w":-0.992661714553833},"size":0.020715679973363878,"orthographic":false}