{"cameraMode":{"drawMode":0,"name":"Shaded","section":"Shading Mode"},"sceneLighting":false,"audioPlay":false,"sceneViewState":{"showFog":true,"showMaterialUpdate":false,"showSkybox":false,"showFlares":true,"showImageEffects":true,"showParticleSystems":true},"in2DMode":false,"pivot":{"x":0.0,"y":0.07500000298023224,"z":0.010516703128814698},"rotation":{"x":0.0539032518863678,"y":0.9455465078353882,"z":-0.2423231154680252,"w":0.21155713498592378},"size":0.2999037802219391,"orthographic":false}