{"cameraMode":{"drawMode":0,"name":"Shaded","section":"Shading Mode"},"sceneLighting":false,"audioPlay":false,"sceneViewState":{"showFog":true,"showMaterialUpdate":false,"showSkybox":false,"showFlares":true,"showImageEffects":true,"showParticleSystems":true},"in2DMode":false,"pivot":{"x":0.32249724864959719,"y":1.2838915586471558,"z":-0.10808628797531128},"rotation":{"x":-0.05712442472577095,"y":-0.06597098708152771,"z":0.004466879181563854,"w":-0.9964122772216797},"size":1.7020728588104249,"orthographic":false}