{"cameraMode":{"drawMode":0,"name":"Shaded","section":"Shading Mode"},"sceneLighting":true,"audioPlay":false,"sceneViewState":{"showFog":true,"showMaterialUpdate":false,"showSkybox":true,"showFlares":true,"showImageEffects":true,"showParticleSystems":true},"in2DMode":false,"pivot":{"x":22.10964584350586,"y":-18.288793563842775,"z":24.723669052124025},"rotation":{"x":-0.2588381767272949,"y":-0.33392617106437685,"z":0.09524725377559662,"w":-0.9017954468727112},"size":18.499143600463868,"orthographic":false}