{"cameraMode":{"drawMode":0,"name":"Shaded","section":"Shading Mode"},"sceneLighting":false,"audioPlay":false,"sceneViewState":{"showFog":true,"showMaterialUpdate":false,"showSkybox":false,"showFlares":true,"showImageEffects":true,"showParticleSystems":true},"in2DMode":false,"pivot":{"x":0.06462875008583069,"y":0.00793314166367054,"z":0.08637665212154389},"rotation":{"x":-0.026066889986395837,"y":0.8851287364959717,"z":-0.46285098791122439,"w":-0.0499398298561573},"size":0.20601414144039155,"orthographic":false}