{"cameraMode":{"drawMode":0,"name":"Shaded","section":"Shading Mode"},"sceneLighting":false,"audioPlay":false,"sceneViewState":{"showFog":true,"showMaterialUpdate":false,"showSkybox":false,"showFlares":true,"showImageEffects":true,"showParticleSystems":true},"in2DMode":false,"pivot":{"x":0.009945929050445557,"y":1.045843243598938,"z":-0.0223044753074646},"rotation":{"x":-0.026066889986395837,"y":0.8851287364959717,"z":-0.46285098791122439,"w":-0.0499398298561573},"size":2.482877254486084,"orthographic":false}