{"cameraMode":{"drawMode":0,"name":"Shaded","section":"Shading Mode"},"sceneLighting":false,"audioPlay":false,"sceneViewState":{"showFog":true,"showMaterialUpdate":false,"showSkybox":false,"showFlares":true,"showImageEffects":true,"showParticleSystems":true},"in2DMode":false,"pivot":{"x":0.15813471376895905,"y":0.020503811538219453,"z":0.17429468035697938},"rotation":{"x":0.012516725808382035,"y":0.9446898698806763,"z":-0.03726682439446449,"w":0.32627567648887637},"size":0.2999037802219391,"orthographic":false}