{"cameraMode":{"drawMode":0,"name":"Shaded","section":"Shading Mode"},"sceneLighting":false,"audioPlay":false,"sceneViewState":{"showFog":true,"showMaterialUpdate":false,"showSkybox":false,"showFlares":true,"showImageEffects":true,"showParticleSystems":true},"in2DMode":false,"pivot":{"x":0.0778079628944397,"y":-0.0537380576133728,"z":0.12649030983448029},"rotation":{"x":-0.41445931792259219,"y":-0.3093074560165405,"z":0.15018880367279054,"w":-0.8431259393692017},"size":0.20601415634155274,"orthographic":false}