{"cameraMode":{"drawMode":0,"name":"Shaded","section":"Shading Mode"},"sceneLighting":true,"audioPlay":false,"sceneViewState":{"showFog":true,"showMaterialUpdate":false,"showSkybox":true,"showFlares":true,"showImageEffects":true,"showParticleSystems":true},"in2DMode":false,"pivot":{"x":-8.75355339050293,"y":-8.360223770141602,"z":31.026241302490236},"rotation":{"x":0.13961879909038545,"y":-0.13214847445487977,"z":0.01897883042693138,"w":0.9816035032272339},"size":17.404342651367189,"orthographic":false}